Step,Reward,Actor_Loss,Critic_Loss
0,0,0.08680960536003113,0.012946175411343575
100,0,0.09836365282535553,0.014028359204530716
200,0,0.11862063407897949,0.013489004224538803
300,0,0.14090090990066528,0.013243570923805237
400,0,0.1394355148077011,0.013372499495744705
500,0.0,0.1290079951286316,0.013737385161221027
600,0,0.1133178323507309,0.012643100693821907
700,0.0,0.10545036941766739,0.01228165253996849
800,0,0.10623545944690704,0.012985830195248127
900,0,0.10378284752368927,0.012709422037005424
1000,0,0.10904251039028168,0.010686325840651989
1100,0,0.11452716588973999,0.01287898514419794
1200,0,0.12067349255084991,0.012969407252967358
1300,-0.012850000381469726,0.12858740985393524,0.012539444491267204
1400,-0.004875,0.1223505437374115,0.0131836561486125
1500,0,0.1122971847653389,0.011653382331132889
1600,0,0.1005982905626297,0.01279059611260891
1700,0,0.09579792618751526,0.011749373748898506
1800,0,0.09148859232664108,0.010486421175301075
1900,0,0.09572845697402954,0.012102508917450905
2000,-0.06084999847412109,0.1089465543627739,0.011244582012295723
2100,-0.08072500610351563,0.1163707748055458,0.012073341757059097
2200,0,0.12266760319471359,0.011980017647147179
2300,0,0.12261524051427841,0.012629576958715916
2400,0,0.11253571510314941,0.010566901415586472
2500,0,0.09942331910133362,0.010217214934527874
2600,0,0.09097732603549957,0.011193735525012016
2700,-0.18560000610351562,0.08787050098180771,0.010694189928472042
2800,-0.1669250030517578,0.10049878060817719,0.013376330025494099
2900,0,0.1066802516579628,0.010890770703554153
3000,0,0.12124940752983093,0.010890902951359749
3100,0,0.12637968361377716,0.010236497037112713
3200,0,0.12091995775699615,0.012260759249329567
3300,0,0.1052381619811058,0.01101065706461668
3400,-0.022799999237060546,0.10475718975067139,0.012013483792543411
3500,0,0.1009296253323555,0.011386038735508919
3600,-0.028450000762939454,0.09321385622024536,0.01215792540460825
3700,0,0.10018502920866013,0.010943353176116943
3800,0,0.11233803629875183,0.011312714777886868
3900,0,0.11802201718091965,0.012534364126622677
4000,0,0.11193493753671646,0.00987187959253788
4100,0,0.11136923730373383,0.012394700199365616
4200,-0.027950000762939454,0.10445599257946014,0.010621902532875538
4300,0.0,0.10283239185810089,0.01189107820391655
4400,0,0.10252197086811066,0.010608794167637825
4500,0,0.09982247650623322,0.010745512321591377
4600,0,0.10013141483068466,0.011630808934569359
4700,0,0.1155867874622345,0.01139463298022747
4800,0,0.10254102200269699,0.008715661242604256
4900,-0.071,0.11224720627069473,0.010314881801605225
5000,-0.0863000030517578,0.10913387686014175,0.009836463257670403
5100,0,0.10911422967910767,0.01037948951125145
5200,0,0.10350678861141205,0.01068195141851902
5300,0,0.11059966683387756,0.010485365986824036
5400,0,0.10736303776502609,0.011251073330640793
5500,0,0.09263648092746735,0.010783538222312927
5600,-0.16275,0.09864416718482971,0.011387282982468605
5700,-0.16105000305175782,0.09518826752901077,0.00985497236251831
5800,0,0.106350377202034,0.010817308910191059
5900,0,0.1148064136505127,0.01030546985566616
6000,0,0.11518415808677673,0.010174738243222237
6100,0,0.11654647439718246,0.01005607470870018
6200,0,0.09980955719947815,0.010020198300480843
6300,-0.0245,0.08738674223423004,0.00921992864459753
6400,-0.0015249999761581421,0.07373328506946564,0.008582986891269684
6500,0,0.08600105345249176,0.011434074491262436
6600,0,0.08856872469186783,0.009596861898899078
6700,0,0.10790583491325378,0.007536392658948898
6800,0,0.11695193499326706,0.010631161741912365
6900,0,0.10271482169628143,0.011208615265786648
7000,-0.016575000762939454,0.10131776332855225,0.008395380340516567
7100,0.0,0.09477685391902924,0.011192267760634422
7200,0,0.08477245271205902,0.009714659303426743
7300,0,0.07430487871170044,0.00989252794533968
7400,0,0.08062659949064255,0.01142885535955429
7500,0,0.09293033927679062,0.009089087136089802
7600,0,0.09920036792755127,0.007951677776873112
7700,-0.0602400016784668,0.09568089246749878,0.010209718719124794
7800,-0.057654998779296876,0.09304286539554596,0.010875141248106956
7900,0,0.08191957324743271,0.008775955997407436
8000,0,0.07689804583787918,0.009502721950411797
8100,0,0.08521617203950882,0.009950706735253334
8200,0,0.08722104877233505,0.009336049668490887
8300,0,0.0885818749666214,0.00877227634191513
8400,-0.1875,0.090736024081707,0.010818758979439735
8500,-0.14114500427246093,0.10028154402971268,0.010394806042313576
8600,0,0.08205143362283707,0.007267030421644449
8700,0,0.08894797414541245,0.009891119785606861
8800,0,0.08949527889490128,0.009997138753533363
8900,0,0.08679762482643127,0.0080572459846735
9000,0,0.09903208166360855,0.009355944581329823
9100,0,0.10723675787448883,0.011040573939681053
9200,-0.35032501220703127,0.09994708746671677,0.008221124298870564
9300,-0.4128050231933594,0.10424598306417465,0.007657156791538
9400,0,0.09340386837720871,0.007887307554483414
9500,0,0.09102044999599457,0.010189121589064598
9600,0,0.09499600529670715,0.011592892929911613
9700,0,0.09352491050958633,0.009764919988811016
9800,0,0.10656064748764038,0.008314750157296658
9900,0,0.12062914669513702,0.010066153481602669
10000,-0.18057000732421874,0.10703608393669128,0.009329249151051044
10100,-0.07079499816894531,0.11005043238401413,0.011050321161746979
10200,0,0.10839267075061798,0.011494491249322891
10300,0,0.11252883821725845,0.009272431023418903
10400,0,0.10992081463336945,0.008039204403758049
10500,0,0.11504199355840683,0.012328189797699451
10600,0,0.08876410871744156,0.008215784095227718
10700,-0.1357449951171875,0.08773386478424072,0.011521473526954651
10800,-0.14498500061035155,0.10792537033557892,0.010486279614269733
10900,0,0.1398083120584488,0.01243196427822113
11000,0,0.13914918899536133,0.009905688464641571
11100,0,0.1317967176437378,0.013295790180563927
11200,0,0.09483687579631805,0.010350970551371574
11300,-0.3755450134277344,0.09039849787950516,0.012908320873975754
11400,0,0.10016297549009323,0.012242917902767658
11500,-0.38816500854492186,0.1104237288236618,0.01053337287157774
11600,0,0.12715590000152588,0.01204591616988182
11700,0,0.1458718329668045,0.010875469073653221
11800,0,0.13011857867240906,0.012286430224776268
11900,0,0.12708987295627594,0.01212715171277523
12000,0,0.1277725249528885,0.010597369633615017
12100,-0.6400650024414063,0.12203501164913177,0.01142916176468134
12200,0,0.13601422309875488,0.013097711838781834
12300,-0.7113450317382812,0.1339961588382721,0.013903554528951645
12400,0,0.14803901314735413,0.013208498246967793
12500,0,0.12951084971427917,0.012768379412591457
12600,0,0.1307366043329239,0.01087193749845028
12700,0,0.13332585990428925,0.012065641582012177
12800,0,0.14328426122665405,0.010384855791926384
12900,-0.24594999694824218,0.14339110255241394,0.011289622634649277
13000,-0.1184000015258789,0.15153151750564575,0.012003133073449135
13100,0,0.15255920588970184,0.010372092947363853
13200,0,0.14826548099517822,0.015522932633757591
13300,0,0.1272130012512207,0.01289560366421938
13400,0,0.12432736903429031,0.015862569212913513
13500,0,0.14447952806949615,0.0176994726061821
13600,-0.07375,0.15158140659332275,0.013025588355958462
13700,-0.08647499847412109,0.17811089754104614,0.012807313352823257
13800,0,0.15447980165481567,0.018179738894104958
13900,0,0.10041995346546173,0.009262205101549625
14000,0,0.11192120611667633,0.012220448814332485
14100,0,0.10156165808439255,0.014067932963371277
14200,0,0.11640486866235733,0.012192729860544205
14300,-0.2487250061035156,0.126946821808815,0.01236935704946518
14400,-0.2765,0.13742603361606598,0.013142595067620277
14500,0,0.14388513565063477,0.009531752206385136
14600,0,0.14798830449581146,0.01139441505074501
14700,0,0.14327262341976166,0.011508598923683167
14800,0,0.1165405884385109,0.009096749126911163
14900,0,0.1130942776799202,0.010697528719902039
15000,-0.47017498779296873,0.12673011422157288,0.014434318989515305
15100,-0.5114249877929687,0.13366100192070007,0.011411772109568119
15200,0,0.14358048141002655,0.012792903929948807
15300,0,0.14425747096538544,0.012921873480081558
15400,0,0.14237788319587708,0.011636537499725819
15500,0,0.1309286504983902,0.014215612784028053
15600,0,0.13602858781814575,0.01457914151251316
15700,-0.474875,0.1348501443862915,0.01582508347928524
15800,-0.36567498779296875,0.1369214653968811,0.013888337649405003
15900,0,0.1461387574672699,0.01331485714763403
16000,0,0.170346200466156,0.016016267240047455
16100,0,0.17560820281505585,0.0097884526476264
16200,0,0.17439253628253937,0.011704659089446068
16300,0,0.17730370163917542,0.011374374851584435
16400,-0.16652500915527343,0.18470312654972076,0.015109643340110779
16500,-0.18761500549316407,0.1361865997314453,0.009493876248598099
16600,0,0.16353824734687805,0.011204305104911327
16700,0,0.18198564648628235,0.011398391798138618
16800,0,0.15733978152275085,0.012779898941516876
16900,0,0.1623956561088562,0.009597675874829292
17000,0,0.15068627893924713,0.011970579624176025
17100,-0.450125,0.13701362907886505,0.012490861117839813
17200,-0.4897449951171875,0.1602969467639923,0.014281450770795345
17300,0,0.156223863363266,0.015379677526652813
17400,0,0.13943853974342346,0.010560384020209312
17500,0,0.1398772895336151,0.0122333113104105
17600,0,0.11052609980106354,0.008210139349102974
17700,0,0.13666994869709015,0.01097317785024643
17800,-0.8314049682617187,0.13919655978679657,0.010937546379864216
17900,-0.8818650512695313,0.13290439546108246,0.016699310392141342
18000,0,0.15447857975959778,0.016593394801020622
18100,0,0.16946618258953094,0.014268320985138416
18200,0,0.19752326607704163,0.019081424921751022
18300,0,0.17265614867210388,0.011416058987379074
18400,0,0.16723930835723877,0.01479639858007431
18500,-0.8220899658203125,0.14665094017982483,0.010540454648435116
18600,-0.41930499267578125,0.1623261570930481,0.018610626459121704
18700,0,0.13729551434516907,0.010718174278736115
18800,0,0.15935057401657104,0.01631280966103077
18900,0,0.16677077114582062,0.016163405030965805
19000,0,0.18510377407073975,0.017821980640292168
19100,-0.02240500068664551,0.18946421146392822,0.016439009457826614
19200,-0.061290000915527346,0.16928258538246155,0.016327103599905968
19300,0,0.13088387250900269,0.012409064918756485
19400,0,0.1526193618774414,0.0162966325879097
19500,0,0.11033143103122711,0.012139817699790001
19600,0,0.14824509620666504,0.01715640164911747
19700,0,0.15664008259773254,0.01215161383152008
19800,-0.33772998046875,0.18338875472545624,0.013873620890080929
19900,-0.33083999633789063,0.21152141690254211,0.02558412402868271
20000,0,0.1420653760433197,0.016056256368756294
20100,0,0.13795067369937897,0.016981005668640137
20200,0,0.14285100996494293,0.019429583102464676
20300,0,0.15060031414031982,0.020313087850809097
20400,0,0.21431000530719757,0.025018207728862762
20500,-0.6199099731445312,0.2513737976551056,0.02157277800142765
20600,-0.6326199951171875,0.2227495014667511,0.024504797533154488
20700,0,0.16556619107723236,0.022556614130735397
20800,0,0.15496110916137695,0.01193226594477892
20900,0,0.1340656280517578,0.014423742890357971
21000,0,0.13698670268058777,0.01520059909671545
21100,-0.9264400024414062,0.1453472524881363,0.023738538846373558
21200,-0.9399000244140625,0.1909966915845871,0.030798349529504776
21300,0,0.20402446389198303,0.023853853344917297
21400,0,0.18936121463775635,0.010234087705612183
21500,0,0.23390579223632812,0.023681992664933205
21600,0,0.21343736350536346,0.03293641284108162
21700,0,0.19536754488945007,0.021823812276124954
21800,0.0,0.17403197288513184,0.033715974539518356
21900,0.0,0.14390310645103455,0.023803800344467163
22000,0,0.15798234939575195,0.030055509880185127
22100,0,0.14695513248443604,0.01716216653585434
22200,0,0.19350884854793549,0.036158375442028046
22300,0,0.1944718062877655,0.021687719970941544
22400,0,0.2063632309436798,0.01690862700343132
22500,-0.04359999847412109,0.23413307964801788,0.014672260731458664
22600,-0.0056999998092651365,0.24892264604568481,0.022085759788751602
22700,0,0.24798543751239777,0.04454048350453377
22800,0,0.20225512981414795,0.030462168157100677
22900,0,0.17462199926376343,0.021091721951961517
0,0,0.26839667558670044,0.03566210716962814
100,0,0.19630974531173706,0.03374994546175003
200,0,0.195754736661911,0.02077077515423298
300,0,0.22495201230049133,0.02938704565167427
400,0,0.16185705363750458,0.018292713910341263
500,0.0,0.15958838164806366,0.023098615929484367
600,0,0.16609887778759003,0.03055505082011223
700,0.0,0.176734060049057,0.022999370470643044
800,0,0.19363725185394287,0.023519840091466904
900,0,0.20565412938594818,0.03215445205569267
1000,0,0.18343591690063477,0.016300933435559273
1100,0,0.14471010863780975,0.01652512699365616
1200,0,0.1651187539100647,0.02857515588402748
1300,-0.012699999809265138,0.16158685088157654,0.017215635627508163
1400,-0.003375,0.189949631690979,0.02009475789964199
1500,0,0.17245188355445862,0.01955188810825348
1600,0,0.20507922768592834,0.034191492944955826
1700,0,0.1650160849094391,0.02754424884915352
1800,0,0.12849172949790955,0.02285889908671379
1900,0,0.14870940148830414,0.02201995998620987
2000,-0.061324996948242186,0.1644623726606369,0.02613021433353424
2100,-0.04825,0.15538179874420166,0.026369214057922363
2200,0,0.16327904164791107,0.03489881753921509
2300,0,0.15612681210041046,0.02016521617770195
2400,0,0.1861284375190735,0.020537767559289932
2500,0,0.19365453720092773,0.013548002578318119
2600,0,0.1801314800977707,0.02216045744717121
2700,-0.16714999389648438,0.24306264519691467,0.026971932500600815
2800,-0.16264999389648438,0.19422882795333862,0.0313684307038784
2900,0,0.17950662970542908,0.015496926382184029
3000,0,0.17585448920726776,0.029280826449394226
3100,0,0.140668123960495,0.017184630036354065
3200,0,0.1705288290977478,0.01983257569372654
3300,0,0.16930334270000458,0.024387121200561523
3400,-0.021600000381469725,0.1567007303237915,0.0211398433893919
3500,-0.02932500076293945,0.19359999895095825,0.018366076052188873
3600,0,0.16932262480258942,0.017293887212872505
3700,0,0.18161603808403015,0.025224655866622925
3800,0,0.1857452094554901,0.025863472372293472
3900,0,0.19419491291046143,0.026363767683506012
4000,0,0.17740438878536224,0.024190742522478104
4100,-0.036875,0.19582679867744446,0.022747337818145752
4200,-0.024549999237060548,0.15758059918880463,0.020335417240858078
4300,0,0.20687589049339294,0.03197643905878067
4400,0,0.18589121103286743,0.015524011105298996
4500,0,0.17257346212863922,0.018651016056537628
4600,0,0.19064560532569885,0.02992492914199829
4700,0,0.2135026901960373,0.031102219596505165
4800,0,0.19043226540088654,0.023460274562239647
4900,-0.07944999694824219,0.1901267170906067,0.026764340698719025
5000,-0.09835000610351563,0.1810295730829239,0.01459918636828661
5100,0,0.19142180681228638,0.03344082087278366
5200,0,0.17724132537841797,0.029390966519713402
5300,0,0.13651588559150696,0.015378803946077824
5400,0,0.15672363340854645,0.02376272901892662
5500,0,0.14718300104141235,0.011253869161009789
5600,-0.18390000915527344,0.15854650735855103,0.012895025312900543
5700,-0.1976750030517578,0.17833125591278076,0.019596565514802933
5800,0,0.18149754405021667,0.02412792481482029
5900,0,0.13258224725723267,0.009405470453202724
6000,0,0.1831863820552826,0.025081634521484375
6100,0,0.1886572390794754,0.025666633620858192
6200,0,0.18162263929843903,0.01861710101366043
6300,-0.2992250061035156,0.1794050931930542,0.011210281401872635
6400,-0.0765,0.17573818564414978,0.019759945571422577
6500,0,0.2142435610294342,0.02555607259273529
6600,0,0.1600080132484436,0.008493160828948021
6700,0,0.169935941696167,0.02498890459537506
6800,0,0.19215886294841766,0.024083832278847694
6900,0,0.22123980522155762,0.020643122494220734
7000,-0.1493000030517578,0.1476345658302307,0.019414100795984268
7100,-0.029475000381469725,0.17073196172714233,0.01863810047507286
7200,0,0.1952567845582962,0.02709702029824257
7300,0,0.16274169087409973,0.016856715083122253
7400,0,0.17801834642887115,0.02798466384410858
7500,0,0.15448108315467834,0.031765129417181015
7600,0,0.1299266815185547,0.02248697355389595
7700,-0.07744499969482421,0.13845498859882355,0.02325769141316414
7800,-0.08213500213623047,0.1388542354106903,0.02502339333295822
7900,0,0.13391804695129395,0.017600134015083313
8000,0,0.16854876279830933,0.018542475998401642
8100,0,0.20592136681079865,0.01692432537674904
8200,0,0.20231570303440094,0.013525723479688168
8300,0,0.20885391533374786,0.020911943167448044
8400,-0.24752499389648439,0.20566466450691223,0.03555452078580856
8500,-0.21171499633789062,0.19435209035873413,0.020316489040851593
8600,0,0.18880638480186462,0.019503677263855934
8700,0,0.1836402416229248,0.02129128947854042
8800,0,0.16463230550289154,0.03446779027581215
8900,0,0.16346517205238342,0.019635505974292755
9000,0,0.14610616862773895,0.02111208811402321
9100,-0.4433200073242187,0.15512315928936005,0.019048046320676804
9200,-0.13410000610351563,0.17422600090503693,0.027992695569992065
9300,0,0.1787344068288803,0.023686163127422333
9400,0,0.16522058844566345,0.0260532945394516
9500,0,0.17491060495376587,0.022852126508951187
9600,0,0.2081465721130371,0.020375918596982956
9700,0,0.19339492917060852,0.02194603532552719
9800,-0.14585000610351562,0.18155667185783386,0.015775363892316818
9900,-0.051360000610351564,0.15699540078639984,0.025510307401418686
10000,0,0.16299934685230255,0.028641847893595695
10100,0,0.16780713200569153,0.030332230031490326
10200,0,0.14434725046157837,0.024124711751937866
10300,0,0.1115998774766922,0.01558464765548706
10400,0,0.14838173985481262,0.02511007711291313
10500,-0.11418000030517578,0.14919036626815796,0.02389003522694111
10600,-0.15022000122070311,0.15733027458190918,0.02110605128109455
10700,0,0.17328475415706635,0.02004764974117279
10800,0,0.1941288858652115,0.028148803859949112
10900,0,0.20614323019981384,0.019112760201096535
11000,0,0.195993572473526,0.0201115719974041
11100,0,0.19241616129875183,0.030692223459482193
11200,-0.384719970703125,0.19478341937065125,0.030782029032707214
11300,-0.3660199890136719,0.19394820928573608,0.03368394449353218
11400,0,0.17028364539146423,0.01829150691628456
11500,0,0.15395914018154144,0.01579854264855385
11600,0,0.18103772401809692,0.02257666550576687
11700,0,0.20384879410266876,0.017528709024190903
11800,0,0.20226335525512695,0.017398294061422348
11900,-0.5881799926757812,0.1834726780653,0.013895630836486816
12000,-0.191,0.208807572722435,0.024348752573132515
12100,0,0.20980636775493622,0.012841211631894112
12200,0,0.20906685292720795,0.021613363176584244
12300,0,0.1876780092716217,0.018153313547372818
12400,0,0.17267319560050964,0.014172669500112534
12500,0,0.15902981162071228,0.01774725317955017
12600,-0.24052999877929687,0.17654600739479065,0.029052438214421272
12700,-0.10355000305175781,0.16867348551750183,0.01599859446287155
12800,0,0.1646011769771576,0.01553916372358799
12900,0,0.1655978262424469,0.01753479242324829
13000,0,0.19021093845367432,0.02122132107615471
13100,0,0.23001310229301453,0.02016371674835682
13200,0,0.24340929090976715,0.02973361313343048
13300,-0.043399997711181644,0.21024346351623535,0.017159858718514442
13400,-0.061549999237060546,0.1963159441947937,0.01776934787631035
13500,0,0.19051942229270935,0.025536421686410904
13600,0,0.20148593187332153,0.028845693916082382
13700,0,0.18032410740852356,0.018771938979625702
13800,0,0.19373667240142822,0.03151983022689819
13900,0,0.21445073187351227,0.0324978306889534
14000,-0.20202499389648437,0.1943221092224121,0.018323708325624466
14100,-0.23089999389648438,0.20219376683235168,0.02437499910593033
14200,0,0.22053082287311554,0.028957251459360123
14300,0,0.2044362872838974,0.020276010036468506
14400,0,0.1707155555486679,0.01668931543827057
14500,0,0.2235099971294403,0.022643351927399635
14600,0,0.16774782538414001,0.024638768285512924
14700,-0.4054250183105469,0.17278577387332916,0.02522822842001915
14800,-0.431625,0.146898090839386,0.014170465990900993
14900,0,0.16808727383613586,0.02140667662024498
15000,0,0.15840394794940948,0.014566662721335888
15100,0,0.1511763334274292,0.0160251222550869
15200,0,0.18371255695819855,0.022217920050024986
15300,0,0.17171847820281982,0.0202688816934824
15400,-0.34907501220703124,0.19244030117988586,0.02325443923473358
15500,-0.260625,0.20786809921264648,0.014982445165514946
15600,0,0.19141140580177307,0.023064184933900833
15700,0,0.19826456904411316,0.021586742252111435
15800,0,0.1668035387992859,0.014520898461341858
15900,0,0.18923142552375793,0.013754995539784431
16000,0,0.21787674725055695,0.01740998774766922
16100,-0.25660000610351563,0.16981452703475952,0.015320263803005219
16200,-0.33925,0.20171622931957245,0.018406588584184647
16300,0,0.1904810220003128,0.029293719679117203
16400,0,0.1794637143611908,0.011769873090088367
16500,0,0.17782169580459595,0.028124641627073288
16600,0,0.17768898606300354,0.014967221766710281
16700,0,0.2043071687221527,0.022133365273475647
16800,0,0.2047194391489029,0.017321910709142685
16900,-0.8354749755859375,0.19571630656719208,0.019293025135993958
17000,-0.8504749755859375,0.2005099654197693,0.015094094909727573
17100,0,0.22387754917144775,0.027249475941061974
17200,0,0.19057483971118927,0.029245974496006966
17300,0,0.19984784722328186,0.026038620620965958
17400,0,0.1837075650691986,0.015493192709982395
17500,0,0.18464967608451843,0.010478553362190723
17600,-1.3404150390625,0.198257714509964,0.029358509927988052
17700,-1.4547950439453126,0.2407180815935135,0.027843263000249863
17800,0,0.24212811887264252,0.025669623166322708
17900,0,0.18111439049243927,0.017716923728585243
18000,0,0.26265016198158264,0.027007754892110825
18100,0,0.2114933729171753,0.013584936037659645
18200,0,0.21874231100082397,0.016323350369930267
18300,0,0.2714362144470215,0.02726968564093113
18400,-1.316760009765625,0.2247362583875656,0.029902152717113495
18500,-1.3370400390625,0.2023896872997284,0.025546640157699585
18600,0,0.2520713210105896,0.0269892830401659
18700,0,0.23820456862449646,0.03144913911819458
18800,0,0.28956839442253113,0.04696865379810333
18900,0,0.2834460437297821,0.028265245258808136
19000,0,0.20189052820205688,0.021509870886802673
19100,-0.1612449951171875,0.24506928026676178,0.050787609070539474
19200,-0.24255999755859375,0.2300325185060501,0.04242357984185219
19300,0,0.2294468879699707,0.032503411173820496
19400,0,0.22151754796504974,0.02929549291729927
19500,0,0.25806692242622375,0.02066701278090477
19600,0,0.2968824803829193,0.026963233947753906
19700,0,0.3128766417503357,0.03100583888590336
19800,-0.796489990234375,0.26511552929878235,0.03503497689962387
19900,-0.7912900390625,0.3511993885040283,0.03919084370136261
20000,0,0.29367756843566895,0.060962263494729996
20100,0,0.19530966877937317,0.030278649181127548
20200,0,0.22250652313232422,0.02814767137169838
20300,0,0.21739599108695984,0.03995859622955322
20400,0,0.19247065484523773,0.0226855780929327
20500,0,0.215417742729187,0.03141710162162781
20600,-1.218044921875,0.2653542160987854,0.041523613035678864
20700,-1.3119150390625,0.3210779130458832,0.02496592327952385
20800,0,0.3519641160964966,0.05718718469142914
20900,0,0.27419185638427734,0.028967415913939476
21000,0,0.3061164319515228,0.05008723959326744
21100,0,0.2651955783367157,0.05763860046863556
21200,0,0.23630918562412262,0.0527554452419281
21300,-1.428010009765625,0.19743314385414124,0.04629604518413544
21400,-1.156219970703125,0.1850889027118683,0.03846907988190651
21500,0,0.21941877901554108,0.026674598455429077
21600,0,0.20122990012168884,0.04524023458361626
21700,0,0.2519280016422272,0.023700524121522903
21800,0,0.3402363657951355,0.04781176894903183
21900,0,0.373671293258667,0.024288222193717957
22000,-0.14023500061035157,0.3072199523448944,0.03549749776721001
22100,0,0.34241026639938354,0.09096457809209824
22200,-0.211625,0.21455994248390198,0.012918676249682903
22300,0,0.26549091935157776,0.04423461854457855
22400,0,0.2355588674545288,0.038834553211927414
22500,0,0.23266929388046265,0.028103865683078766
22600,0,0.2701435089111328,0.03955225273966789
22700,0,0.28095486760139465,0.02281312458217144
22800,-0.57860498046875,0.26469045877456665,0.015148092061281204
22900,-0.6505850219726562,0.3058144450187683,0.04122696444392204
23000,0,0.30360323190689087,0.060158200562000275
23100,0,0.2796410918235779,0.043305348604917526
23200,0,0.28901562094688416,0.03652535378932953
23300,0,0.2906925082206726,0.03746291995048523
23400,0,0.30521509051322937,0.047727108001708984
23500,-1.0163849487304688,0.23434941470623016,0.04246893525123596
23600,-1.0830550537109376,0.21157723665237427,0.03799043595790863
23700,0,0.27784353494644165,0.03409680724143982
23800,0,0.30232781171798706,0.030532456934452057
23900,0,0.3377808928489685,0.056985095143318176
24000,0,0.30443841218948364,0.055108778178691864
24100,0,0.2562445402145386,0.04558972269296646
24200,0,0.24973911046981812,0.02423645555973053
24300,-1.0888399658203125,0.2396286427974701,0.01863786019384861
24400,-1.0048899536132812,0.25600364804267883,0.02759259194135666
24500,0,0.2583562731742859,0.045121267437934875
24600,0,0.3430079221725464,0.037910811603069305
24700,0,0.4065328538417816,0.029127076268196106
24800,0,0.34788691997528076,0.047809816896915436
24900,0,0.36184564232826233,0.028072165325284004
25000,-0.002450000047683716,0.32671988010406494,0.057674527168273926
25100,-0.008,0.3088315725326538,0.02298438362777233
25200,0,0.2294238805770874,0.03980700671672821
25300,0,0.20870031416416168,0.027895133942365646
25400,0,0.237126886844635,0.02768635004758835
25500,0,0.2842331528663635,0.051572028547525406
25600,0,0.3029753565788269,0.0270056314766407
25700,-0.03870000076293945,0.34321340918540955,0.0347052738070488
25800,-0.044,0.32890036702156067,0.06029285490512848
25900,0,0.29263144731521606,0.035575710237026215
26000,0,0.2994917631149292,0.059707991778850555
26100,0,0.23190803825855255,0.0563848614692688
26200,0,0.2502443194389343,0.04937908798456192
26300,0,0.21220064163208008,0.030605487525463104
26400,-0.0739000015258789,0.2360984832048416,0.053274884819984436
26500,-0.07894999694824219,0.2670569121837616,0.07011984288692474
26600,0,0.23911872506141663,0.03290783613920212
26700,0,0.304571270942688,0.03554503619670868
26800,0,0.3749690651893616,0.062344785779714584
26900,0,0.36259254813194275,0.05635625869035721
27000,0,0.29663699865341187,0.019939066842198372
27100,-0.10905000305175781,0.3008129596710205,0.050146982073783875
27200,-0.11415000152587891,0.31730034947395325,0.058038342744112015
27300,0,0.25907719135284424,0.04116472974419594
27400,0,0.2759426236152649,0.05390211567282677
27500,0,0.19166867434978485,0.03424953296780586
27600,0,0.21363458037376404,0.026014966890215874
0,0,0.26841089129447937,0.042470961809158325
100,0,0.3030467629432678,0.036245204508304596
200,0,0.3058207035064697,0.04161469638347626
300,0,0.22873443365097046,0.043018538504838943
400,0,0.2636132538318634,0.03748500347137451
500,0.0,0.2490735650062561,0.04185527190566063
600,0,0.2763224244117737,0.04907437041401863
700,0.0,0.21194419264793396,0.03936610370874405
800,0,0.2247287780046463,0.04277816414833069
900,0,0.2557765245437622,0.04176333546638489
1000,0,0.2615184783935547,0.05356776714324951
1100,0,0.20367315411567688,0.040875162929296494
1200,0,0.2636867165565491,0.03543902188539505
1300,-0.012600000381469727,0.3153066039085388,0.045411743223667145
1400,-0.002125,0.292954683303833,0.08342816680669785
1500,0,0.24493417143821716,0.05864018201828003
1600,0,0.2692519426345825,0.03622704744338989
1700,0,0.2517417073249817,0.03644438087940216
1800,0,0.23829743266105652,0.05602531507611275
1900,0,0.25197774171829224,0.05866450071334839
2000,-0.05995000076293945,0.2697489857673645,0.04690688103437424
2100,-0.04645000076293945,0.2187846153974533,0.04702550545334816
2200,0,0.274406373500824,0.044624246656894684
2300,0,0.24652183055877686,0.033413246273994446
2400,0,0.2624117136001587,0.04625256359577179
2500,0,0.28963738679885864,0.049298062920570374
2600,0,0.26529037952423096,0.04296622425317764
2700,-0.19680000305175782,0.25159725546836853,0.04096897691488266
2800,-0.1548249969482422,0.2922205328941345,0.03720570355653763
2900,0,0.26783287525177,0.03779593110084534
3000,0,0.22493711113929749,0.02443661540746689
3100,0,0.2481735348701477,0.04088272154331207
3200,0,0.25138553977012634,0.04063556343317032
3300,-0.017049999237060548,0.2877623438835144,0.03999827802181244
3400,0.0,0.28355351090431213,0.04841776192188263
3500,0,0.25969845056533813,0.03723929449915886
3600,0,0.30652177333831787,0.0390167310833931
3700,0,0.2399243265390396,0.024550575762987137
3800,0,0.3439951241016388,0.06919233500957489
3900,0,0.23485645651817322,0.03516919165849686
4000,-0.018200000762939452,0.261476993560791,0.049369920045137405
4100,0.0,0.3168618679046631,0.07409653067588806
4200,0,0.1973152458667755,0.025020986795425415
4300,0,0.22378653287887573,0.03559618443250656
4400,0,0.18710002303123474,0.039505813270807266
4500,0,0.23563018441200256,0.04630059003829956
4600,0,0.18431198596954346,0.02378663420677185
4700,-0.06225,0.21799221634864807,0.03291158378124237
4800,-0.055950000762939454,0.2554481625556946,0.031082943081855774
4900,0,0.23085686564445496,0.03893540799617767
5000,0,0.2656543254852295,0.028151091188192368
5100,0,0.265341192483902,0.04654984921216965
5200,0,0.2678184509277344,0.03946288675069809
5300,0,0.27693575620651245,0.03204280510544777
5400,-0.19525,0.25760239362716675,0.06027719005942345
5500,-0.1260999984741211,0.2520070970058441,0.0414763018488884
5600,0,0.17826519906520844,0.02306785061955452
5700,0,0.19391298294067383,0.03782384470105171
5800,0,0.17897489666938782,0.03394424170255661
5900,0,0.18398188054561615,0.039599087089300156
6000,0,0.18836595118045807,0.03500477224588394
6100,-0.22864999389648438,0.1919293999671936,0.03161275386810303
6200,-0.19405000305175782,0.24785904586315155,0.03495345264673233
6300,0,0.25722286105155945,0.03663639724254608
6400,0,0.2513267993927002,0.03185897693037987
6500,0,0.2664716839790344,0.04841265082359314
6600,0,0.22948935627937317,0.03696272522211075
6700,0,0.1721974015235901,0.03596760332584381
6800,-0.07917500305175781,0.19293919205665588,0.04970666393637657
6900,-0.018399999618530272,0.20207461714744568,0.04741900414228439
7000,0,0.2024943083524704,0.05029422044754028
7100,0,0.18347400426864624,0.051417820155620575
7200,0,0.23913398385047913,0.03603252395987511
7300,0,0.2802664637565613,0.046648114919662476
7400,0,0.25289738178253174,0.06294099241495132
7500,-0.036689998626708985,0.19074495136737823,0.02671406976878643
7600,-0.0016050000190734864,0.24965989589691162,0.03717347979545593
7700,0,0.2552885413169861,0.04524543136358261
7800,0,0.24525827169418335,0.05063934996724129
7900,0,0.17807187139987946,0.03167688101530075
8000,0,0.18450787663459778,0.027355164289474487
8100,0,0.25893765687942505,0.06199293211102486
8200,-0.10868499755859375,0.20082582533359528,0.03415614739060402
8300,-0.10494999694824218,0.2260904610157013,0.04413635656237602
8400,0,0.17940489947795868,0.04164164885878563
8500,0,0.24744044244289398,0.057431675493717194
8600,0,0.23766149580478668,0.03760567680001259
8700,0,0.2675263285636902,0.041839126497507095
8800,0,0.27377641201019287,0.04771965742111206
8900,-0.21547000122070312,0.2630583941936493,0.0469302162528038
9000,-0.258114990234375,0.21705859899520874,0.04166039079427719
9100,0,0.2320655882358551,0.04812972620129585
9200,0,0.1930113285779953,0.03531239181756973
9300,0,0.18564677238464355,0.02665761485695839
9400,0,0.20802412927150726,0.0375690758228302
9500,0,0.25361984968185425,0.026196004822850227
9600,-0.42239999389648436,0.2676660418510437,0.025214869529008865
9700,-0.46072500610351563,0.2758355140686035,0.028365416452288628
9800,0,0.3027994632720947,0.05480527877807617
9900,0,0.30549293756484985,0.05753888189792633
10000,0,0.2645392417907715,0.041058823466300964
10100,0,0.22698992490768433,0.028566157445311546
10200,0,0.21387477219104767,0.0369134247303009
10300,-0.009300000190734863,0.24366050958633423,0.05680742487311363
10400,0,0.19465763866901398,0.029445424675941467
10500,-0.015550000190734863,0.22756338119506836,0.04910100996494293
10600,0,0.2815241813659668,0.0514269694685936
10700,0,0.2725822627544403,0.04688817635178566
10800,0,0.2404690682888031,0.03389248251914978
10900,0,0.24786007404327393,0.05220858007669449
11000,0,0.27182886004447937,0.06483405828475952
11100,-0.06025,0.2067265808582306,0.028864746913313866
11200,0.0,0.21083354949951172,0.039695873856544495
11300,0,0.18493926525115967,0.043571460992097855
11400,0,0.20476219058036804,0.04236965626478195
11500,0,0.22735178470611572,0.02755819633603096
11600,0,0.22389522194862366,0.040661007165908813
11700,0,0.2244962751865387,0.026636799797415733
11800,-0.03709999847412109,0.3082581162452698,0.03910122811794281
11900,0,0.2564888000488281,0.045261308550834656
12000,-0.056,0.25223392248153687,0.035964034497737885
12100,0,0.2506704330444336,0.06662528961896896
12200,0,0.23954051733016968,0.046876467764377594
12300,0,0.1805141568183899,0.05357762426137924
12400,0,0.16150833666324615,0.03758029639720917
12500,0,0.1679491400718689,0.04160597175359726
12600,-0.10498999786376953,0.17176078259944916,0.03135867789387703
12700,-0.11706999969482422,0.19469819962978363,0.045228853821754456
12800,0,0.26241663098335266,0.035300303250551224
12900,0,0.2563828229904175,0.03941876068711281
13000,0,0.2673088014125824,0.04202737286686897
13100,0,0.27059710025787354,0.033253587782382965
13200,0,0.28273558616638184,0.053046345710754395
13300,0,0.2822414040565491,0.06470255553722382
13400,-0.00225,0.18698783218860626,0.019968954846262932
13500,-0.0115,0.21548646688461304,0.06028573960065842
13600,0,0.2271336019039154,0.040109723806381226
13700,0,0.29168611764907837,0.05774731561541557
13800,0,0.21390235424041748,0.024411682039499283
13900,0,0.22969329357147217,0.04729462414979935
14000,0,0.25390180945396423,0.05934492498636246
14100,0,0.28081151843070984,0.04323089122772217
14200,-0.07222499847412109,0.18678832054138184,0.03508751466870308
14300,-0.0295,0.26027029752731323,0.04348938167095184
14400,0,0.22560299932956696,0.0640280693769455
14500,0,0.1752692461013794,0.02558782882988453
14600,0,0.20298725366592407,0.048002663999795914
14700,0,0.17626234889030457,0.026884043589234352
14800,0,0.16150520741939545,0.036843810230493546
14900,-0.0665,0.2505304217338562,0.049134861677885056
15000,0,0.22733455896377563,0.029730360954999924
15100,-0.0905,0.2526545822620392,0.029909860342741013
15200,0,0.26129525899887085,0.04139142483472824
15300,0,0.23883332312107086,0.02615228295326233
15400,0,0.26779597997665405,0.04163808375597
15500,0,0.3215295672416687,0.06574571877717972
15600,0,0.23754125833511353,0.03168121725320816
15700,-0.29785000610351564,0.23943409323692322,0.037797510623931885
15800,0,0.24364590644836426,0.0315195731818676
15900,-0.2568999938964844,0.23161010444164276,0.0233222097158432
16000,0,0.22252866625785828,0.03772180527448654
16100,0,0.2503495514392853,0.027423182502388954
16200,0,0.27054160833358765,0.023448701947927475
16300,0,0.23764759302139282,0.06151031702756882
16400,0,0.23778672516345978,0.050763510167598724
16500,-0.6248900146484375,0.20307813584804535,0.048131074756383896
16600,0,0.19098390638828278,0.01913025788962841
16700,-0.46080502319335936,0.22683626413345337,0.05629584193229675
16800,0,0.22285133600234985,0.05610233545303345
16900,0,0.2597607970237732,0.028982244431972504
17000,0,0.25925636291503906,0.026018086820840836
17100,0,0.26544272899627686,0.03575388714671135
17200,0,0.25912800431251526,0.043441373854875565
17300,-0.7914000244140625,0.21926023066043854,0.03514361381530762
17400,0,0.20974868535995483,0.0326160192489624
17500,-0.6306499633789062,0.24346137046813965,0.044301290065050125
17600,0,0.21219748258590698,0.03375878930091858
17700,0,0.20272555947303772,0.03303060680627823
17800,0,0.19925931096076965,0.03482961654663086
17900,0,0.24645981192588806,0.04778086394071579
18000,0,0.25094351172447205,0.04751068353652954
18100,-0.30476998901367186,0.23865748941898346,0.0374021977186203
18200,-0.40145001220703125,0.2111983597278595,0.02241528406739235
18300,0,0.28650644421577454,0.04865407198667526
18400,0,0.2729484438896179,0.029182549566030502
18500,0,0.2892106771469116,0.0261576808989048
18600,0,0.21330483257770538,0.06115231662988663
18700,0,0.20867562294006348,0.02377288043498993
18800,0,0.19804541766643524,0.03461841121315956
18900,-0.9375650024414063,0.20071633160114288,0.04460601508617401
19000,-1.0144649658203124,0.17511247098445892,0.03474956750869751
19100,0,0.22219374775886536,0.05705726891756058
19200,0,0.1961321234703064,0.03623288869857788
19300,0,0.20864953100681305,0.04290935769677162
19400,0,0.29466578364372253,0.0589810386300087
19500,0,0.24380868673324585,0.03227550536394119
19600,0,0.293840229511261,0.04064123332500458
19700,-1.601159912109375,0.2735908627510071,0.048740290105342865
19800,-1.0805849609375,0.24285656213760376,0.07769244909286499
19900,0,0.17684419453144073,0.029045982286334038
20000,0,0.23923683166503906,0.05001381039619446
20100,0,0.13800249993801117,0.026018230244517326
20200,0,0.19220872223377228,0.05676878243684769
20300,0,0.19719552993774414,0.05508476495742798
20400,-1.423175048828125,0.2382303774356842,0.08379078656435013
20500,0,0.23712538182735443,0.0361807644367218
20600,-1.50785498046875,0.33664262294769287,0.0892261192202568
20700,0,0.3124215006828308,0.032960377633571625
20800,0,0.2511371970176697,0.03271230310201645
20900,0,0.32012879848480225,0.06623192131519318
21000,0,0.2847698926925659,0.05103875696659088
21100,0,0.23844704031944275,0.031142892315983772
21200,-0.17503500366210936,0.20511803030967712,0.03258330374956131
21300,0,0.23703759908676147,0.11463835090398788
21400,-0.27983502197265625,0.20087963342666626,0.049999162554740906
21500,0,0.19257743656635284,0.04382266849279404
21600,0,0.2136661261320114,0.06288203597068787
21700,0,0.2554493248462677,0.0766710489988327
21800,0,0.2484837770462036,0.05855454504489899
21900,0,0.2868460416793823,0.06467178463935852
22000,-0.6602000122070313,0.2733156681060791,0.06709183752536774
22100,0,0.24901722371578217,0.0683230459690094
22200,-0.7545800170898438,0.2928869128227234,0.04802534729242325
22300,0,0.2940080165863037,0.047705426812171936
22400,0,0.34739112854003906,0.056141965091228485
22500,0,0.2587399482727051,0.01862237975001335
22600,0,0.27176153659820557,0.059715162962675095
22700,0,0.3086971938610077,0.02787536196410656
22800,0,0.27986764907836914,0.06337451189756393
22900,-1.15206494140625,0.23529765009880066,0.028123026713728905
23000,-0.8619400024414062,0.2583804130554199,0.07483808696269989
23100,0,0.25379616022109985,0.032517168670892715
23200,0,0.23053713142871857,0.07240915298461914
23300,0,0.2560795247554779,0.059735216200351715
23400,0,0.30492615699768066,0.08306485414505005
23500,0,0.3020302653312683,0.10969686508178711
23600,-1.1367099609375,0.2574261426925659,0.05828164145350456
23700,0,0.3410980999469757,0.06801057606935501
23800,-1.1519849853515625,0.2972845733165741,0.04265661537647247
23900,0,0.3532019853591919,0.0626896396279335
24000,0,0.33539652824401855,0.04654443636536598
24100,0,0.3864324688911438,0.05887233838438988
24200,0,0.2699472904205322,0.04659896343946457
24300,0,0.32167184352874756,0.071954645216465
24400,-0.20564999389648436,0.2206152379512787,0.068158358335495
24500,0,0.2622438371181488,0.09086646139621735
24600,-0.294739990234375,0.23367446660995483,0.05623820424079895
24700,0,0.23569878935813904,0.0627424567937851
24800,0,0.2439689189195633,0.07782280445098877
24900,0,0.2177673578262329,0.051839493215084076
25000,0,0.22706568241119385,0.05459671467542648
25100,0,0.24621552228927612,0.025034651160240173
25200,-0.67175,0.27650201320648193,0.04617418348789215
25300,0,0.3174145817756653,0.06445859372615814
25400,-0.7578900146484375,0.3036598563194275,0.08306828141212463
25500,0,0.2871268689632416,0.030840372666716576
25600,0,0.27655670046806335,0.05320749431848526
25700,0,0.2895733118057251,0.10386499762535095
25800,0,0.24163515865802765,0.06708794087171555
25900,0,0.21301057934761047,0.0426410511136055
26000,-1.135489990234375,0.2791297137737274,0.0850021168589592
26100,-1.21218994140625,0.31402358412742615,0.13129287958145142
26200,0,0.25771060585975647,0.05431617051362991
26300,0,0.32402902841567993,0.07237597554922104
26400,0,0.2870943248271942,0.08411657810211182
26500,0,0.29652005434036255,0.08813665062189102
26600,0,0.30662816762924194,0.05756211653351784
26700,0,0.2579629719257355,0.04412035644054413
26800,-1.362530029296875,0.2883853316307068,0.05110517889261246
26900,-1.3904449462890625,0.2631896734237671,0.056745562702417374
27000,0,0.2542977035045624,0.06149514764547348
27100,0,0.22977465391159058,0.03619863837957382
27200,0,0.316292941570282,0.08812305331230164
27300,0,0.23241691291332245,0.0348428413271904
27400,0,0.24366913735866547,0.061100684106349945
27500,-0.034825000762939456,0.17989285290241241,0.054816167801618576
27600,0,0.1860562562942505,0.06168369576334953
27700,-0.05567499923706055,0.22160741686820984,0.07258021831512451
27800,0,0.2938077449798584,0.08610159158706665
27900,0,0.3147437572479248,0.09344238042831421
28000,0,0.3426100015640259,0.04628252983093262
28100,0,0.3830384314060211,0.06405716389417648
28200,0,0.4200286865234375,0.0711570531129837
28300,-0.15242500305175782,0.3394739627838135,0.1375940889120102
28400,0,0.2964234948158264,0.05186665430665016
28500,-0.1728249969482422,0.35056203603744507,0.09252426028251648
28600,0,0.2357049137353897,0.042875077575445175
28700,0,0.24281089007854462,0.06006338819861412
28800,0,0.226166233420372,0.05414140224456787
28900,0,0.22324489057064056,0.05613618344068527
29000,0,0.24402344226837158,0.07329156994819641
29100,-0.26777499389648435,0.30922141671180725,0.03799783065915108
29200,-0.28772500610351565,0.32339099049568176,0.07716509699821472
29300,0,0.3289121389389038,0.08191108703613281
29400,0,0.40060925483703613,0.11861800402402878
29500,0,0.37442857027053833,0.04009045287966728
29600,0,0.3532940447330475,0.0486501008272171
29700,0,0.39599913358688354,0.037986647337675095
29800,0,0.39371436834335327,0.09146486222743988
29900,-0.38297500610351565,0.36897870898246765,0.070164754986763
30000,-0.40277499389648436,0.2915163040161133,0.09029173851013184
30100,0,0.3081743121147156,0.06433213502168655
30200,0,0.2845402956008911,0.05922963470220566
30300,0,0.32844266295433044,0.10049706697463989
30400,0,0.28640562295913696,0.04454100504517555
30500,0,0.40486499667167664,0.1407705545425415
30600,0.0,0.3515869975090027,0.052958182990550995
30700,0,0.334401935338974,0.06233954429626465
30800,0.0,0.24936914443969727,0.025878148153424263
30900,0,0.3422301709651947,0.10340813547372818
31000,0,0.3450789451599121,0.058618202805519104
31100,0,0.31203898787498474,0.11015402525663376
31200,0,0.2685471773147583,0.05692172050476074
0,0,0.3310660123825073,0.08652167022228241
100,0,0.2443358153104782,0.08460497111082077
200,0,0.2507894039154053,0.06896040588617325
300,0,0.20968227088451385,0.05837918817996979
400,0,0.23911698162555695,0.11493267118930817
500,0.0,0.2759329676628113,0.1014610230922699
600,0,0.29964524507522583,0.06633789837360382
700,0.0,0.33488404750823975,0.09065882116556168
800,0,0.3452724814414978,0.07412362098693848
900,0,0.31929683685302734,0.03985622525215149
1000,0,0.39268845319747925,0.04946960508823395
1100,0,0.3775392174720764,0.07804831117391586
1200,0,0.287606418132782,0.041214168071746826
1300,-0.013649999618530273,0.32746630907058716,0.08078382909297943
1400,-0.006300000190734864,0.24816659092903137,0.05924428626894951
1500,0,0.2793433666229248,0.03817120939493179
1600,0,0.30020979046821594,0.072456955909729
1700,0,0.2466358244419098,0.05658860504627228
1800,0,0.2647307217121124,0.06827299296855927
1900,0,0.2980271875858307,0.1110219731926918
2000,-0.06195000076293945,0.2622824013233185,0.11077623814344406
2100,-0.049349998474121096,0.2337881475687027,0.060073498636484146
2200,0,0.24814373254776,0.09102003276348114
2300,0,0.28992223739624023,0.10133633762598038
2400,0,0.3357324004173279,0.0886155366897583
2500,0,0.30796018242836,0.05064879357814789
2600,0,0.3152078688144684,0.06269651651382446
2700,-0.22077499389648436,0.2887803614139557,0.052838072180747986
2800,-0.16160000610351563,0.28217554092407227,0.030506419017910957
2900,0,0.31796491146087646,0.05355998873710632
3000,0,0.3681419789791107,0.05616585165262222
3100,0,0.34262630343437195,0.08169034123420715
3200,0,0.35608619451522827,0.08210500329732895
3300,0,0.26605355739593506,0.052693694829940796
3400,-0.020350000381469727,0.25253811478614807,0.04907999187707901
3500,0.0,0.3416649103164673,0.07609829306602478
3600,0,0.24116626381874084,0.055286955088377
3700,0,0.25691142678260803,0.08642745763063431
3800,0,0.25074389576911926,0.06469983607530594
3900,0,0.28465455770492554,0.0831095278263092
4000,0,0.2759261727333069,0.06642104685306549
4100,-0.02680000114440918,0.2773182690143585,0.08855745941400528
4200,0.0,0.27618253231048584,0.05479349195957184
4300,0,0.27314522862434387,0.07682104408740997
4400,0,0.267729789018631,0.08436253666877747
4500,0,0.31066375970840454,0.07982264459133148
4600,0,0.3230922818183899,0.06407061964273453
4700,0,0.2861563563346863,0.04394359141588211
4800,-0.0693499984741211,0.29543039202690125,0.046438708901405334
4900,-0.05895000076293945,0.3303898572921753,0.11331643909215927
5000,0,0.2491447478532791,0.05275179073214531
5100,0,0.2933706045150757,0.04946374520659447
5200,0,0.26668763160705566,0.04518609493970871
5300,0,0.33556506037712097,0.0702647939324379
5400,0,0.3504942059516907,0.07334048300981522
5500,-0.1586999969482422,0.296097069978714,0.0462627038359642
5600,-0.1635,0.39047515392303467,0.06395897269248962
5700,0,0.36682653427124023,0.07577461004257202
5800,0,0.3040456771850586,0.05317249521613121
5900,0,0.33106914162635803,0.04621787369251251
6000,0,0.3063734769821167,0.06493419408798218
6100,0,0.3049074709415436,0.0377795584499836
6200,-0.24025,0.32980939745903015,0.04698890447616577
6300,0,0.25336652994155884,0.08166822791099548
6400,-0.06279999923706055,0.3486441373825073,0.07238605618476868
6500,0,0.28172004222869873,0.05345340818166733
6600,0,0.2584822177886963,0.04735495150089264
6700,0,0.3228081464767456,0.05465438961982727
6800,0,0.29037711024284363,0.04754574969410896
6900,0,0.30358147621154785,0.054760634899139404
7000,-0.13585000610351564,0.2956995368003845,0.06380815804004669
7100,-0.027575000762939453,0.29868084192276,0.03139394521713257
7200,0,0.2232847511768341,0.07275650650262833
7300,0,0.26780426502227783,0.054997920989990234
7400,0,0.28592389822006226,0.08145594596862793
7500,0,0.2789241671562195,0.04377046972513199
7600,-0.06060500335693359,0.334125816822052,0.057477302849292755
7700,-0.0696449966430664,0.24275386333465576,0.04568927362561226
7800,0,0.261843740940094,0.04335547983646393
7900,0,0.338875412940979,0.06118825450539589
8000,0,0.33502864837646484,0.04484068229794502
8100,0,0.3531031608581543,0.08024956285953522
8200,0,0.32704538106918335,0.11482421308755875
8300,-0.23943499755859374,0.2570761442184448,0.04742121696472168
8400,-0.283875,0.23300597071647644,0.04646015912294388
8500,0,0.26487964391708374,0.05903277546167374
8600,0,0.25954675674438477,0.06596294790506363
8700,0,0.28068649768829346,0.04081376641988754
8800,0,0.27534839510917664,0.07953781634569168
8900,0,0.3553048074245453,0.025893783196806908
9000,-0.4097049865722656,0.34767284989356995,0.06526453047990799
9100,-0.4375199890136719,0.37332725524902344,0.04729858785867691
9200,0,0.3348237872123718,0.038549430668354034
9300,0,0.308391273021698,0.044007059186697006
9400,0,0.34997594356536865,0.05754870921373367
9500,0,0.29517048597335815,0.05815944820642471
9600,0,0.2616804242134094,0.06978937983512878
9700,-0.238,0.2626481056213379,0.035583194345235825
9800,-0.0430999984741211,0.24930205941200256,0.04946998506784439
9900,0,0.2897901237010956,0.059249602258205414
10000,0,0.23526503145694733,0.04858683422207832
10100,0,0.23294168710708618,0.07689464837312698
10200,0,0.28720372915267944,0.09921666979789734
10300,0,0.22755441069602966,0.046238839626312256
10400,-0.012949999809265136,0.25984275341033936,0.11118108034133911
10500,0.0,0.24817940592765808,0.0775090828537941
10600,0,0.2750133275985718,0.08090732246637344
10700,0,0.2912772297859192,0.09391538798809052
10800,0,0.32012027502059937,0.05672831833362579
10900,0,0.30108246207237244,0.09942310303449631
11000,0,0.36638128757476807,0.09107571840286255
11100,-0.0698499984741211,0.2846169173717499,0.07486502826213837
11200,0.0,0.3322349786758423,0.1015988290309906
11300,0,0.2595217525959015,0.03551093116402626
11400,0,0.31682825088500977,0.06719890981912613
11500,0,0.27652326226234436,0.06478527933359146
11600,0,0.30526968836784363,0.05380311608314514
11700,0,0.27078157663345337,0.04650891199707985
11800,-0.036150001525878904,0.28275805711746216,0.055714935064315796
11900,-0.05325,0.27957454323768616,0.0864727571606636
12000,0,0.24710281193256378,0.06998156011104584
12100,0,0.3106738030910492,0.0795503631234169
12200,0,0.24431848526000977,0.048863574862480164
12300,0,0.293327271938324,0.08181899785995483
12400,0,0.278328001499176,0.03347047418355942
12500,-0.12001999664306641,0.2781476676464081,0.09760816395282745
12600,0,0.2922838032245636,0.049023207277059555
12700,-0.1098499984741211,0.33276844024658203,0.09862924367189407
12800,0,0.31955668330192566,0.09182173758745193
12900,0,0.30327504873275757,0.056036267429590225
13000,0,0.25654366612434387,0.05419593304395676
13100,0,0.26358509063720703,0.08100022375583649
13200,0,0.30294302105903625,0.11537915468215942
13300,0.0,0.28717219829559326,0.06624201685190201
13400,-0.0035,0.30729714035987854,0.08879512548446655
13500,0,0.3367782533168793,0.06179284304380417
13600,0,0.35566550493240356,0.06355398893356323
13700,0,0.37583374977111816,0.06202685460448265
13800,0,0.34699344635009766,0.10487209260463715
13900,0,0.2751028835773468,0.04938216507434845
14000,-0.05654999923706055,0.25206267833709717,0.0547657236456871
14100,-0.0704250030517578,0.2155790477991104,0.028121473267674446
14200,0,0.22228401899337769,0.08145283907651901
14300,0,0.25179022550582886,0.06436237692832947
14400,0,0.21828274428844452,0.03330700099468231
14500,0,0.22927647829055786,0.06867380440235138
14600,0,0.2818606197834015,0.07271704077720642
14700,-0.04757499694824219,0.2398928999900818,0.05732635408639908
14800,0,0.2733961343765259,0.06673554331064224
14900,-0.0657249984741211,0.28673553466796875,0.03966040164232254
15000,0,0.32932183146476746,0.054483361542224884
15100,0,0.3131474256515503,0.0621376596391201
15200,0,0.25424328446388245,0.04330898076295853
15300,0,0.2888418734073639,0.05598065257072449
15400,0,0.29027432203292847,0.05219946801662445
15500,-0.23177500915527344,0.25177377462387085,0.058804191648960114
15600,-0.17372500610351563,0.2804780602455139,0.052263498306274414
15700,0,0.27120113372802734,0.0990411788225174
15800,0,0.27076905965805054,0.1013396754860878
15900,0,0.25034892559051514,0.07531818747520447
16000,0,0.251638263463974,0.11623544245958328
16100,0,0.28106099367141724,0.05646120756864548
16200,0,0.30274438858032227,0.08832630515098572
16300,-0.015600000381469727,0.3262258470058441,0.07865782082080841
16400,-0.03894999694824219,0.3643931746482849,0.101888507604599
16500,0,0.3350599408149719,0.06299646943807602
16600,0,0.32159438729286194,0.08165490627288818
16700,0,0.32014697790145874,0.021761823445558548
16800,0,0.31889575719833374,0.05481971800327301
16900,0,0.2659776508808136,0.0679783970117569
17000,-0.2649750061035156,0.23445959389209747,0.04178881272673607
17100,0,0.21966643631458282,0.03600484877824783
17200,-0.19847999572753905,0.2256324142217636,0.08796949684619904
17300,0,0.21460631489753723,0.11033967137336731
17400,0,0.23874220252037048,0.09188148379325867
17500,0,0.317226767539978,0.11018402874469757
17600,0,0.37885844707489014,0.09593294560909271
17700,0,0.3615378141403198,0.054776787757873535
17800,-0.169125,0.3337147831916809,0.03030863031744957
17900,0,0.3961227536201477,0.03974597901105881
18000,-0.22898500061035157,0.4279061257839203,0.08897128701210022
18100,0,0.44260692596435547,0.13564902544021606
18200,0,0.2846997082233429,0.06824333965778351
18300,0,0.2812768220901489,0.05744184926152229
18400,0,0.24595841765403748,0.05091145262122154
18500,0,0.21778029203414917,0.07986798882484436
18600,-0.539405029296875,0.2217743694782257,0.04345587268471718
18700,-0.5759650268554688,0.20318007469177246,0.048350490629673004
18800,0,0.2710481286048889,0.09223335981369019
18900,0,0.26326942443847656,0.07887823134660721
19000,0,0.30118513107299805,0.06797600537538528
19100,0,0.2734569311141968,0.04528934508562088
19200,0,0.32469242811203003,0.07529159635305405
19300,0,0.39591050148010254,0.04505697637796402
19400,-0.009850000381469727,0.3187718689441681,0.07321152091026306
19500,-0.036979999542236325,0.3725516200065613,0.050202690064907074
19600,0,0.32081717252731323,0.059120647609233856
19700,0,0.28068774938583374,0.08127835392951965
19800,0,0.2536519169807434,0.06600918620824814
19900,0,0.24266771972179413,0.04165119305253029
20000,0,0.3152475357055664,0.0941496342420578
20100,0,0.3094449043273926,0.08615975081920624
20200,-0.400364990234375,0.32449960708618164,0.07095760107040405
20300,-0.40777499389648436,0.32709652185440063,0.07039789855480194
20400,0,0.28442680835723877,0.04489704966545105
20500,0,0.4161491394042969,0.08056537061929703
20600,0,0.367897093296051,0.0707063376903534
20700,0,0.3619077801704407,0.03593594580888748
20800,0,0.3602694869041443,0.06110184267163277
20900,0,0.2920166850090027,0.05290701985359192
21000,-0.2651300048828125,0.2919248640537262,0.0749889686703682
21100,-0.34366998291015627,0.2803901433944702,0.08353590965270996
21200,0,0.23500922322273254,0.04323584586381912
21300,0,0.2547529935836792,0.05885002762079239
21400,0,0.239475280046463,0.0656566321849823
21500,0,0.26497048139572144,0.055653516203165054
21600,0,0.22255781292915344,0.07680768519639969
21700,-0.6978049926757812,0.28660136461257935,0.05969703570008278
21800,0,0.27813997864723206,0.06719066202640533
21900,-0.36105999755859375,0.29701828956604004,0.0822257250547409
22000,0,0.3638400733470917,0.05256897211074829
22100,0,0.3038908839225769,0.07352030277252197
22200,0,0.36955970525741577,0.0958835557103157
22300,0,0.29995569586753845,0.041912615299224854
22400,0,0.29202592372894287,0.06452888250350952
22500,0,0.3173036277294159,0.10278987139463425
22600,-0.012199999809265137,0.27139198780059814,0.08310097455978394
22700,-0.028360000610351564,0.3037354052066803,0.09418953210115433
22800,0,0.3084569573402405,0.07588059455156326
22900,0,0.32071495056152344,0.07795003801584244
23000,0,0.28259432315826416,0.04463206231594086
23100,0,0.30007150769233704,0.03877422958612442
23200,0,0.3453044891357422,0.05745141953229904
23300,0,0.34256231784820557,0.07805178314447403
23400,-0.10459000396728516,0.2562158405780792,0.021414846181869507
23500,0,0.3423583507537842,0.0696788877248764
23600,-0.0655,0.3225107789039612,0.03280729055404663
23700,0,0.32323911786079407,0.03929704427719116
23800,0,0.2904767394065857,0.06288789212703705
23900,0,0.2586821913719177,0.03172647953033447
24000,0,0.28256845474243164,0.032598912715911865
24100,0,0.3829305171966553,0.035266414284706116
24200,0,0.38956451416015625,0.0798216238617897
24300,-0.0995,0.2862287163734436,0.04773813486099243
24400,0,0.34486809372901917,0.08393702656030655
24500,-0.10880000305175781,0.32392334938049316,0.05936913937330246
24600,0,0.2644907832145691,0.0746002048254013
24700,0,0.28592920303344727,0.08231667429208755
24800,0,0.27518773078918457,0.08691105246543884
24900,0,0.2779117822647095,0.05461052060127258
25000,0,0.3156951665878296,0.10745704174041748
25100,0,0.31447267532348633,0.0515461266040802
25200,0.0,0.37659552693367004,0.06549060344696045
25300,0,0.3419700264930725,0.0895441398024559
25400,0.0,0.3513582646846771,0.07250409573316574
